grupo,ratio,share_fem,n_m,n_h
Indigena (lengua originaria),0.6666114241520275,36.676845209708546,1285,1939
No indigena (castellano),0.8138850230168077,41.71672156704082,9373,12395
