anio,any_ins_pct,sis_pct,chronic_uninsured_pct,always_insured_pct,label,window
2012,66.37446610766023,32.368515081090074,9.153178934753273,49.97731724260485,2012-2016,1216
2013,68.96379321224305,34.90613880361992,9.153178934753273,49.97731724260485,2012-2016,1216
2014,74.46313395336442,38.56747352092899,9.153178934753273,49.97731724260485,2012-2016,1216
2015,73.37864660058436,39.882996838256055,9.153178934753273,49.97731724260485,2012-2016,1216
2016,78.4782191070822,42.468241566964686,9.153178934753273,49.97731724260485,2012-2016,1216
