anio,any_ins_pct,sis_pct,chronic_uninsured_pct,always_insured_pct,label,window
2014,70.47153733547776,38.424725599892035,7.3011097525468,52.53715861402208,2014-2018,1418
2015,74.78336291193833,42.34568015819794,7.3011097525468,52.53715861402208,2014-2018,1418
2016,78.11613129961668,43.553880566699846,7.3011097525468,52.53715861402208,2014-2018,1418
2017,76.64326449420959,43.1793705072123,7.3011097525468,52.53715861402208,2014-2018,1418
2018,77.17910970997859,43.41583632522442,7.3011097525468,52.53715861402208,2014-2018,1418
