anio,any_ins_pct,sis_pct,chronic_uninsured_pct,always_insured_pct,label,window
2019,79.85429822970323,46.77047191224317,2.850233309198945,63.006690093436745,2019-2023,1923
2020,81.06660582302672,50.5309484574863,2.850233309198945,63.006690093436745,2019-2023,1923
2021,82.85686859946355,52.7363587874967,2.850233309198945,63.006690093436745,2019-2023,1923
2022,87.05515299796,55.38192497401345,2.850233309198945,63.006690093436745,2019-2023,1923
2023,89.0998854729592,56.89469937047827,2.850233309198945,63.006690093436745,2019-2023,1923
