anio,any_ins_pct,sis_pct,chronic_uninsured_pct,always_insured_pct,label,window
2007,40.60332601693305,16.648003034218355,19.790053940350617,28.528137990446584,2007-2011,0711
2008,53.50728611772331,28.49887540033132,19.790053940350617,28.528137990446584,2007-2011,0711
2009,59.516366335136674,34.20972944882884,19.790053940350617,28.528137990446584,2007-2011,0711
2010,62.55236155134733,36.4802714795432,19.790053940350617,28.528137990446584,2007-2011,0711
2011,63.15467591274755,34.935183197609845,19.790053940350617,28.528137990446584,2007-2011,0711
