anio,any_ins_pct,sis_pct,chronic_uninsured_pct,always_insured_pct,label,window
2017,77.5015329586906,44.239713347574636,5.778721178760152,58.48061540964606,2017-2021,1721
2018,77.89534484308332,44.51400719133052,5.778721178760152,58.48061540964606,2017-2021,1721
2019,78.03773329938934,46.021042366956635,5.778721178760152,58.48061540964606,2017-2021,1721
2020,79.37247099504721,48.33060917280036,5.778721178760152,58.48061540964606,2017-2021,1721
2021,82.64335758888879,51.22772962682425,5.778721178760152,58.48061540964606,2017-2021,1721
