anio,any_ins_pct,sis_pct,chronic_uninsured_pct,always_insured_pct,label,window
2018,76.09366961989554,44.17721542762189,4.4424858568505865,56.96815471773117,2018-2022,1822
2019,78.42214965462057,45.24882832055436,4.4424858568505865,56.96815471773117,2018-2022,1822
2020,77.62774453463219,47.63347502036591,4.4424858568505865,56.96815471773117,2018-2022,1822
2021,81.97066380671413,51.28861867596272,4.4424858568505865,56.96815471773117,2018-2022,1822
2022,83.3412551815399,53.77855505840991,4.4424858568505865,56.96815471773117,2018-2022,1822
