from,to,entry_rate,exit_rate
2007,2008,12.125261906933366,26.80088489187053
2008,2009,10.674662264771241,32.592077880800375
2009,2010,11.02140696803696,29.58885381558748
2010,2011,11.972883345412756,33.67277370776291
