anio,any_ins_pct,sis_pct,chronic_uninsured_pct,always_insured_pct,label,window
2013,67.73868722371243,33.548690535839576,7.847817012277314,50.108135075362966,2013-2017,1317
2014,71.59416366350591,37.50526187194264,7.847817012277314,50.108135075362966,2013-2017,1317
2015,74.40188043028024,41.276240942578546,7.847817012277314,50.108135075362966,2013-2017,1317
2016,76.942279565584,42.15997161078443,7.847817012277314,50.108135075362966,2013-2017,1317
2017,77.04354238775649,42.38194234260651,7.847817012277314,50.108135075362966,2013-2017,1317
