anio,any_ins_pct,sis_pct,chronic_uninsured_pct,always_insured_pct,label,window
2015,73.91992842045141,44.989817054314166,7.656821317415052,55.280361790363564,2015-2019,1519
2016,75.89955274787107,46.249412586237135,7.656821317415052,55.280361790363564,2015-2019,1519
2017,77.4559199146851,47.26804683853808,7.656821317415052,55.280361790363564,2015-2019,1519
2018,78.24149745683083,46.53416693330085,7.656821317415052,55.280361790363564,2015-2019,1519
2019,78.48211788324247,47.1470511565142,7.656821317415052,55.280361790363564,2015-2019,1519
