anio,any_ins_pct,sis_pct,chronic_uninsured_pct,always_insured_pct,label,window
2016,77.28847525025971,44.82349449637977,6.177674380758373,57.24695345801971,2016-2020,1620
2017,78.45345981298382,45.574601808612805,6.177674380758373,57.24695345801971,2016-2020,1620
2018,76.94070610299099,44.79120510393073,6.177674380758373,57.24695345801971,2016-2020,1620
2019,77.61085640231494,44.929585568285376,6.177674380758373,57.24695345801971,2016-2020,1620
2020,80.02811490079912,48.71610840356295,6.177674380758373,57.24695345801971,2016-2020,1620
