anio,any_ins_pct,sis_pct,chronic_uninsured_pct,always_insured_pct,label,window
2011,66.80089839122368,36.21006845800828,11.215780750825632,44.956254292216066,2011-2015,1115
2012,64.73825314377395,32.89740068012386,11.215780750825632,44.956254292216066,2011-2015,1115
2013,66.77582292312528,34.644592669472054,11.215780750825632,44.956254292216066,2011-2015,1115
2014,71.84045296058328,39.09690827453083,11.215780750825632,44.956254292216066,2011-2015,1115
2015,72.15365220058068,40.51311126914175,11.215780750825632,44.956254292216066,2011-2015,1115
